1       CPU: 2,448436                   RAM: 2267                       D˜SK: 0
2       CPU: 1,978485                   RAM: 2275                       D˜SK: 7,483886
3       CPU: 10,82662                   RAM: 2277                       D˜SK: 2,524805
4       CPU: 8,792813                   RAM: 2280                       D˜SK: 0,4581909
5       CPU: 6,42097                    RAM: 2286                       D˜SK: 0,4516353
6       CPU: 8,235254                   RAM: 2279                       D˜SK: 0,1099161
7       CPU: 9,616323                   RAM: 2290                       D˜SK: 0,162603
8       CPU: 5,870445                   RAM: 2283                       D˜SK: 0,5329051
9       CPU: 9,230742                   RAM: 2280                       D˜SK: 0,1187151
10      CPU: 7,984137                   RAM: 2280                       D˜SK: 0,1033472
11      CPU: 5,398787                   RAM: 2276                       D˜SK: 0,07582703
12      CPU: 6,126876                   RAM: 2280                       D˜SK: 0,1360197
13      CPU: 7,102285                   RAM: 2284                       D˜SK: 1,872148
14      CPU: 3,402918                   RAM: 2286                       D˜SK: 0,05680794
15      CPU: 8,830246                   RAM: 2279                       D˜SK: 0,08269962
16      CPU: 7,140909                   RAM: 2278                       D˜SK: 0,0978478
17      CPU: 12,48537                   RAM: 2269                       D˜SK: 0,04694431
18      CPU: 6,249653                   RAM: 2269                       D˜SK: 0,6104385
19      CPU: 8,511282                   RAM: 2271                       D˜SK: 0,2090014
20      CPU: 4,269213                   RAM: 2275                       D˜SK: 0,08682442
21      CPU: 2,361083                   RAM: 2279                       D˜SK: 0
22      CPU: 6,573615                   RAM: 2280                       D˜SK: 0,1034569
23      CPU: 6,779863                   RAM: 2269                       D˜SK: 0,3898782
24      CPU: 8,49162                    RAM: 2274                       D˜SK: 0,2520488
25      CPU: 5,330519                   RAM: 2276                       D˜SK: 0,2325554
26      CPU: 8,075162                   RAM: 2279                       D˜SK: 0,1450674
27      CPU: 6,854167                   RAM: 2281                       D˜SK: 0,1117137
28      CPU: 19,6657                    RAM: 2265                       D˜SK: 14,5783
29      CPU: 12,58274                   RAM: 2260                       D˜SK: 0,1385131
30      CPU: 8,175995                   RAM: 2259                       D˜SK: 0,1932451
31      CPU: 6,298728                   RAM: 2249                       D˜SK: 0,115136
32      CPU: 3,226294                   RAM: 2251                       D˜SK: 0,02617563
33      CPU: 6,265177                   RAM: 2253                       D˜SK: 0,1937958
34      CPU: 8,635828                   RAM: 2256                       D˜SK: 0,5918059
35      CPU: 4,206597                   RAM: 2258                       D˜SK: 0,2555022
36      CPU: 8,553362                   RAM: 2250                       D˜SK: 0,0275136
37      CPU: 9,090896                   RAM: 2252                       D˜SK: 0,1201684
38      CPU: 8,828581                   RAM: 2252                       D˜SK: 13,87408
39      CPU: 8,506492                   RAM: 2256                       D˜SK: 2,03727
40      CPU: 14,75111                   RAM: 2251                       D˜SK: 0,02600084
41      CPU: 9,79816                    RAM: 2254                       D˜SK: 5,61331
42      CPU: 7,926524                   RAM: 2251                       D˜SK: 0,0570124
43      CPU: 3,977716                   RAM: 2252                       D˜SK: 1,404748
44      CPU: 10,22359                   RAM: 2246                       D˜SK: 3,618588
45      CPU: 10,2411                    RAM: 2246                       D˜SK: 1,571686
46      CPU: 13,11038                   RAM: 2241                       D˜SK: 0,2353487
47      CPU: 26,37846                   RAM: 2165                       D˜SK: 2,21737
48      CPU: 50,40659                   RAM: 2173                       D˜SK: 142,6424
49      CPU: 52,31635                   RAM: 2142                       D˜SK: 209,5313
50      CPU: 50,23231                   RAM: 2113                       D˜SK: 149,5432
51      CPU: 46,998                     RAM: 2099                       D˜SK: 653,3869
52      CPU: 16,62222                   RAM: 2096                       D˜SK: 1,604444
53      CPU: 22,79792                   RAM: 2083                       D˜SK: 1,808142
54      CPU: 18,54108                   RAM: 2081                       D˜SK: 12,16617
55      CPU: 23,52992                   RAM: 2140                       D˜SK: 7,754216
56      CPU: 14,87061                   RAM: 2157                       D˜SK: 0,6196547
57      CPU: 14,29176                   RAM: 2153                       D˜SK: 2,646672
58      CPU: 19,95504                   RAM: 2148                       D˜SK: 2,004317
59      CPU: 21,34256                   RAM: 2146                       D˜SK: 2,221361
60      CPU: 10,11392                   RAM: 2147                       D˜SK: 1,324052
61      CPU: 11,18424                   RAM: 2147                       D˜SK: 3,136386
62      CPU: 10,77035                   RAM: 2144                       D˜SK: 1,288079
63      CPU: 12,9299                    RAM: 2145                       D˜SK: 7,281482
64      CPU: 5,514756                   RAM: 2147                       D˜SK: 0,105025
65      CPU: 19,26103                   RAM: 2143                       D˜SK: 0,04567906
66      CPU: 21,74649                   RAM: 2151                       D˜SK: 0,1860308
67      CPU: 13,50617                   RAM: 2143                       D˜SK: 0
68      CPU: 3,480651                   RAM: 2143                       D˜SK: 0
69      CPU: 11,17512                   RAM: 2147                       D˜SK: 2,034797
70      CPU: 16,38806                   RAM: 2143                       D˜SK: 0
71      CPU: 17,32494                   RAM: 2147                       D˜SK: 10,57283
72      CPU: 18,25303                   RAM: 2149                       D˜SK: 21,48126
73      CPU: 36,97753                   RAM: 2143                       D˜SK: 88,57275
74      CPU: 88,02795                   RAM: 2124                       D˜SK: 182,6286
75      CPU: 33,16863                   RAM: 2102                       D˜SK: 246,6107
76      CPU: 32,23418                   RAM: 2134                       D˜SK: 339,5825
77      CPU: 21,9974                    RAM: 2133                       D˜SK: 71,5228
78      CPU: 44,01142                   RAM: 2127                       D˜SK: 29,80818
79      CPU: 17,54713                   RAM: 2128                       D˜SK: 4,166725
80      CPU: 20,44118                   RAM: 2175                       D˜SK: 125,9663
81      CPU: 35,97826                   RAM: 2142                       D˜SK: 5,02733
82      CPU: 51,11666                   RAM: 2133                       D˜SK: 0,6624628
83      CPU: 77,30307                   RAM: 2127                       D˜SK: 5,402871
84      CPU: 46,38756                   RAM: 2117                       D˜SK: 29,09777
85      CPU: 19,51847                   RAM: 2117                       D˜SK: 2,049425
86      CPU: 20,65472                   RAM: 2126                       D˜SK: 0,02703744
87      CPU: 20,21563                   RAM: 2115                       D˜SK: 0,1360538
88      CPU: 29,13848                   RAM: 2121                       D˜SK: 0,3992831
89      CPU: 28,89332                   RAM: 2120                       D˜SK: 5,705563
90      CPU: 25,49816                   RAM: 2121                       D˜SK: 0,02751726
91      CPU: 24,59919                   RAM: 2128                       D˜SK: 1,439836
92      CPU: 18,57747                   RAM: 2127                       D˜SK: 2,166822
93      CPU: 20,7384                    RAM: 2136                       D˜SK: 1,480277
94      CPU: 28,10101                   RAM: 2126                       D˜SK: 0,1546263
95      CPU: 28,39108                   RAM: 2131                       D˜SK: 12,82266
96      CPU: 22,48585                   RAM: 2128                       D˜SK: 0,4863585
97      CPU: 24,47168                   RAM: 2128                       D˜SK: 0,1073955
98      CPU: 26,49154                   RAM: 2128                       D˜SK: 0,0400006
99      CPU: 22,77693                   RAM: 2137                       D˜SK: 0,3710788
100     CPU: 55,33841                   RAM: 2163                       D˜SK: 43,68209
101     CPU: 38,5067                    RAM: 2137                       D˜SK: 2,638261
102     CPU: 19,00624                   RAM: 2137                       D˜SK: 0,07457893
103     CPU: 6,169536                   RAM: 2142                       D˜SK: 0,6380509
104     CPU: 11,90645                   RAM: 2145                       D˜SK: 1,188155
105     CPU: 11,46767                   RAM: 2151                       D˜SK: 0,1310935
106     CPU: 22,91486                   RAM: 2153                       D˜SK: 1,445872
107     CPU: 26,49293                   RAM: 2154                       D˜SK: 3,545482
108     CPU: 36,30333                   RAM: 2132                       D˜SK: 9,245647
109     CPU: 23,03403                   RAM: 2143                       D˜SK: 13,47255
110     CPU: 31,62569                   RAM: 2133                       D˜SK: 8,404374
111     CPU: 50,82456                   RAM: 2116                       D˜SK: 6,241591
112     CPU: 57,13037                   RAM: 2120                       D˜SK: 0,2995395
113     CPU: 63,2841                    RAM: 2123                       D˜SK: 3,292866
114     CPU: 52,70345                   RAM: 2116                       D˜SK: 17,62639
115     CPU: 38,11245                   RAM: 2110                       D˜SK: 0,4374698
116     CPU: 70,36877                   RAM: 2109                       D˜SK: 7,160056
117     CPU: 89,14826                   RAM: 2099                       D˜SK: 16,67217
118     CPU: 90,0078                    RAM: 2095                       D˜SK: 23,28306
119     CPU: 81,29535                   RAM: 2102                       D˜SK: 40,86392
120     CPU: 64,63672                   RAM: 2188                       D˜SK: 18,49022
121     CPU: 25,54072                   RAM: 2172                       D˜SK: 4,130964
122     CPU: 30,15816                   RAM: 2166                       D˜SK: 0,5419958
123     CPU: 32,19234                   RAM: 2163                       D˜SK: 22,58227
124     CPU: 46,78069                   RAM: 2095                       D˜SK: 41,56152
125     CPU: 67,25322                   RAM: 2089                       D˜SK: 1,675701
126     CPU: 67,7496                    RAM: 2067                       D˜SK: 10,31017
127     CPU: 35,66529                   RAM: 2070                       D˜SK: 1,103482
128     CPU: 48,39552                   RAM: 2072                       D˜SK: 8,291892
129     CPU: 22,83547                   RAM: 2064                       D˜SK: 0,06347471
130     CPU: 7,012187                   RAM: 2085                       D˜SK: 0,6164043
131     CPU: 2,602607                   RAM: 2089                       D˜SK: 0,4430422
132     CPU: 4,402298                   RAM: 2090                       D˜SK: 0,3606354
133     CPU: 6,711218                   RAM: 2098                       D˜SK: 0,7119762
134     CPU: 6,791086                   RAM: 2103                       D˜SK: 9,993157
135     CPU: 11,84839                   RAM: 2092                       D˜SK: 3,143759
136     CPU: 3,53343                    RAM: 2099                       D˜SK: 2,394416
137     CPU: 8,199801                   RAM: 2098                       D˜SK: 3,229037
138     CPU: 6,259424                   RAM: 2121                       D˜SK: 0,9647567
139     CPU: 5,430091                   RAM: 2123                       D˜SK: 12,84344
140     CPU: 5,351262                   RAM: 2119                       D˜SK: 0,02706036
141     CPU: 5,022781                   RAM: 2119                       D˜SK: 0,303786
142     CPU: 13,07902                   RAM: 2121                       D˜SK: 12,46786
143     CPU: 2,151325                   RAM: 2124                       D˜SK: 4,724587
144     CPU: 4,064572                   RAM: 2127                       D˜SK: 1,517109
145     CPU: 6,800789                   RAM: 2134                       D˜SK: 0,2270455
146     CPU: 5,747492                   RAM: 2124                       D˜SK: 0,216445
147     CPU: 5,099669                   RAM: 2126                       D˜SK: 0,1569292
148     CPU: 13,80099                   RAM: 2129                       D˜SK: 2,017883
149     CPU: 10,3237                    RAM: 2156                       D˜SK: 20,93839
150     CPU: 4,071697                   RAM: 2157                       D˜SK: 0,1142454
151     CPU: 12,9901                    RAM: 2149                       D˜SK: 0,6957945
152     CPU: 3,26691                    RAM: 2152                       D˜SK: 0,0259605
153     CPU: 3,152442                   RAM: 2152                       D˜SK: 0,4236913
154     CPU: 3,347946                   RAM: 2155                       D˜SK: 1,059026
155     CPU: 8,452463                   RAM: 2159                       D˜SK: 0,8789803
156     CPU: 8,443852                   RAM: 2165                       D˜SK: 0,1509403
157     CPU: 11,97855                   RAM: 2167                       D˜SK: 0,1035875
158     CPU: 2,023918                   RAM: 2169                       D˜SK: 0,1713385
159     CPU: 8,225897                   RAM: 2167                       D˜SK: 0,2860525
160     CPU: 4,367211                   RAM: 2169                       D˜SK: 1,829385
161     CPU: 9,064868                   RAM: 2171                       D˜SK: 1,545001
162     CPU: 3,281026                   RAM: 2173                       D˜SK: 0,08129931
163     CPU: 7,308749                   RAM: 2176                       D˜SK: 0,02868061
164     CPU: 6,244288                   RAM: 2164                       D˜SK: 0,1709353
165     CPU: 8,977901                   RAM: 2168                       D˜SK: 1,269974
166     CPU: 3,864665                   RAM: 2170                       D˜SK: 0,09863126
167     CPU: 9,072073                   RAM: 2173                       D˜SK: 0,6615873
168     CPU: 4,321919                   RAM: 2175                       D˜SK: 0,07602924
169     CPU: 7,10356                    RAM: 2169                       D˜SK: 3,263117
170     CPU: 5,766496                   RAM: 2173                       D˜SK: 1,73975
171     CPU: 6,370385                   RAM: 2174                       D˜SK: 0,02628581
172     CPU: 5,194338                   RAM: 2173                       D˜SK: 0,1018346
173     CPU: 6,766171                   RAM: 2168                       D˜SK: 0,2179689
174     CPU: 7,276688                   RAM: 2165                       D˜SK: 0,1499605
175     CPU: 0                          RAM: 2167                       D˜SK: 0
176     CPU: 4,91223                    RAM: 2163                       D˜SK: 0,122984
177     CPU: 7,341186                   RAM: 2168                       D˜SK: 0,08303881
178     CPU: 7,598089                   RAM: 2170                       D˜SK: 0,1036105
179     CPU: 4,064973                   RAM: 2173                       D˜SK: 0,05203775
180     CPU: 9,431948                   RAM: 2164                       D˜SK: 0,0742608
181     CPU: 3,388018                   RAM: 2167                       D˜SK: 0,05706581
182     CPU: 9,641771                   RAM: 2170                       D˜SK: 1,074043
183     CPU: 7,154878                   RAM: 2173                       D˜SK: 0,04737128
184     CPU: 8,522159                   RAM: 2163                       D˜SK: 0,1755191
185     CPU: 4,098373                   RAM: 2172                       D˜SK: 0,1213595
186     CPU: 5,445112                   RAM: 2173                       D˜SK: 0,09673189
187     CPU: 6,00358                    RAM: 2172                       D˜SK: 1,149189
188     CPU: 5,87991                    RAM: 2167                       D˜SK: 1,853058
189     CPU: 4,919515                   RAM: 2168                       D˜SK: 0,9183949
190     CPU: 8,562028                   RAM: 2163                       D˜SK: 0,0383321
191     CPU: 5,421646                   RAM: 2167                       D˜SK: 0,08126716
192     CPU: 6,273226                   RAM: 2169                       D˜SK: 0,08355709
193     CPU: 5,279229                   RAM: 2172                       D˜SK: 0,1094515
194     CPU: 6,843024                   RAM: 2172                       D˜SK: 0,1050167
195     CPU: 5,422978                   RAM: 2169                       D˜SK: 0,2249471
196     CPU: 2,97385                    RAM: 2164                       D˜SK: 0,1024673
197     CPU: 7,750931                   RAM: 2166                       D˜SK: 0,1084541
198     CPU: 3,246211                   RAM: 2173                       D˜SK: 0,5896391
199     CPU: 8,057542                   RAM: 2178                       D˜SK: 0,241689
200     CPU: 11,76194                   RAM: 2173                       D˜SK: 8,82972
201     CPU: 7,227459                   RAM: 2175                       D˜SK: 0,6181159
202     CPU: 6,106991                   RAM: 2178                       D˜SK: 0,02609032
203     CPU: 4,402241                   RAM: 2180                       D˜SK: 0,1096357
204     CPU: 9,334064                   RAM: 2181                       D˜SK: 3,206508
205     CPU: 5,57429                    RAM: 2170                       D˜SK: 0,09315848
206     CPU: 4,332117                   RAM: 2172                       D˜SK: 0
207     CPU: 6,597777                   RAM: 2175                       D˜SK: 5,544833
208     CPU: 4,700884                   RAM: 2177                       D˜SK: 0,07417741
209     CPU: 6,653035                   RAM: 2182                       D˜SK: 0,1142257
210     CPU: 6,75243                    RAM: 2182                       D˜SK: 0,0268664
211     CPU: 6,051976                   RAM: 2172                       D˜SK: 0,9134468
212     CPU: 8,647577                   RAM: 2175                       D˜SK: 0,07452745
213     CPU: 7,436739                   RAM: 2179                       D˜SK: 0,2004262
214     CPU: 5,803349                   RAM: 2181                       D˜SK: 0,2536198
215     CPU: 5,209513                   RAM: 2182                       D˜SK: 3,720721
216     CPU: 6,364878                   RAM: 2176                       D˜SK: 0,05687919
217     CPU: 3,458543                   RAM: 2178                       D˜SK: 0,02544076
218     CPU: 9,161063                   RAM: 2180                       D˜SK: 0,1036562
219     CPU: 9,499236                   RAM: 2184                       D˜SK: 0,1518081
220     CPU: 3,347228                   RAM: 2186                       D˜SK: 0,08195927
221     CPU: 4,448764                   RAM: 2175                       D˜SK: 0,08246578
222     CPU: 11,74523                   RAM: 2177                       D˜SK: 0,08276603
223     CPU: 4,927961                   RAM: 2181                       D˜SK: 0,08135583
224     CPU: 4,456276                   RAM: 2184                       D˜SK: 1,19397
225     CPU: 7,770369                   RAM: 2185                       D˜SK: 0,02767065
226     CPU: 6,807723                   RAM: 2185                       D˜SK: 0,1599027
227     CPU: 3,419944                   RAM: 2177                       D˜SK: 0,1743601
228     CPU: 5,569361                   RAM: 2180                       D˜SK: 1,438723
229     CPU: 7,409409                   RAM: 2181                       D˜SK: 0,0992729
230     CPU: 6,399188                   RAM: 2183                       D˜SK: 0,6675544
231     CPU: 7,434448                   RAM: 2186                       D˜SK: 0,3784189
232     CPU: 6,90301                    RAM: 2178                       D˜SK: 0,9942309
233     CPU: 11,4791                    RAM: 2180                       D˜SK: 0,02701279
234     CPU: 10,42597                   RAM: 2182                       D˜SK: 14,1045
235     CPU: 7,866685                   RAM: 2177                       D˜SK: 0,3504632
236     CPU: 7,687054                   RAM: 2181                       D˜SK: 0,1021954
237     CPU: 4,698349                   RAM: 2183                       D˜SK: 0
238     CPU: 7,190396                   RAM: 2185                       D˜SK: 0,07746565
239     CPU: 6,521754                   RAM: 2177                       D˜SK: 6,78612
240     CPU: 4,734941                   RAM: 2179                       D˜SK: 0,05538819
241     CPU: 3,348443                   RAM: 2183                       D˜SK: 0,1307607
242     CPU: 10,23851                   RAM: 2184                       D˜SK: 0,06229491
243     CPU: 7,266995                   RAM: 2182                       D˜SK: 0,0787522
244     CPU: 8,445921                   RAM: 2176                       D˜SK: 10,34664
245     CPU: 13,17471                   RAM: 2183                       D˜SK: 1,197216
246     CPU: 4,604062                   RAM: 2180                       D˜SK: 0,08511742
247     CPU: 9,671823                   RAM: 2180                       D˜SK: 0,2534197
248     CPU: 7,716908                   RAM: 2179                       D˜SK: 0
249     CPU: 5,495199                   RAM: 2184                       D˜SK: 0,201818
250     CPU: 6,797204                   RAM: 2186                       D˜SK: 0,1379512
251     CPU: 7,094797                   RAM: 2188                       D˜SK: 7,957395
252     CPU: 8,898669                   RAM: 2189                       D˜SK: 0,02626945
253     CPU: 7,952067                   RAM: 2178                       D˜SK: 0,08191811
254     CPU: 8,404572                   RAM: 2183                       D˜SK: 0,1310133
255     CPU: 4,761278                   RAM: 2188                       D˜SK: 0,09915537
256     CPU: 16,23687                   RAM: 2203                       D˜SK: 4,180619
257     CPU: 6,978359                   RAM: 2208                       D˜SK: 0,08266687
258     CPU: 3,94486                    RAM: 2207                       D˜SK: 0,156995
259     CPU: 4,557113                   RAM: 2211                       D˜SK: 0,1502087
260     CPU: 8,682931                   RAM: 2215                       D˜SK: 0,02698073
261     CPU: 6,194583                   RAM: 2207                       D˜SK: 0,09922992
262     CPU: 4,076447                   RAM: 2211                       D˜SK: 0,07555854
263     CPU: 7,948812                   RAM: 2213                       D˜SK: 0,08598323
264     CPU: 5,367055                   RAM: 2216                       D˜SK: 9,933209
265     CPU: 6,356467                   RAM: 2217                       D˜SK: 0,9769723
266     CPU: 8,541588                   RAM: 2209                       D˜SK: 1,889536
267     CPU: 8,217824                   RAM: 2211                       D˜SK: 0,0268309
268     CPU: 7,076485                   RAM: 2212                       D˜SK: 2,363125
269     CPU: 3,955877                   RAM: 2214                       D˜SK: 0,6316668
270     CPU: 4,849364                   RAM: 2216                       D˜SK: 0,1882222
271     CPU: 7,633525                   RAM: 2218                       D˜SK: 0,02643683
272     CPU: 8,408113                   RAM: 2210                       D˜SK: 0,08443955
273     CPU: 4,870142                   RAM: 2212                       D˜SK: 0,07889458
274     CPU: 4,255475                   RAM: 2214                       D˜SK: 15,32269
275     CPU: 11,55436                   RAM: 2206                       D˜SK: 0,05377742
276     CPU: 4,437861                   RAM: 2211                       D˜SK: 0,08331603
277     CPU: 9,308724                   RAM: 2213                       D˜SK: 14,52209
278     CPU: 8,486979                   RAM: 2218                       D˜SK: 0,08944077
279     CPU: 2,468622                   RAM: 2217                       D˜SK: 0,05636849
280     CPU: 3,905142                   RAM: 2209                       D˜SK: 2,522899
281     CPU: 8,95637                    RAM: 2211                       D˜SK: 1,688446
282     CPU: 5,119644                   RAM: 2215                       D˜SK: 1,301723
283     CPU: 12,33979                   RAM: 2217                       D˜SK: 1,392893
284     CPU: 8,383121                   RAM: 2219                       D˜SK: 14,37332
285     CPU: 5,285331                   RAM: 2210                       D˜SK: 0,08282585
286     CPU: 8,098186                   RAM: 2214                       D˜SK: 0,08797074
287     CPU: 8,730742                   RAM: 2216                       D˜SK: 0,04834167
288     CPU: 6,411699                   RAM: 2218                       D˜SK: 0,08128781
289     CPU: 5,853912                   RAM: 2217                       D˜SK: 0,4851187
290     CPU: 2,30093                    RAM: 2217                       D˜SK: 0,08531729
291     CPU: 4,353853                   RAM: 2208                       D˜SK: 0,02094794
292     CPU: 4,751627                   RAM: 2210                       D˜SK: 0,1040544
293     CPU: 5,390049                   RAM: 2212                       D˜SK: 0,251687
294     CPU: 6,640118                   RAM: 2217                       D˜SK: 0,1291212
295     CPU: 4,594655                   RAM: 2217                       D˜SK: 0,7755785
296     CPU: 8,091443                   RAM: 2210                       D˜SK: 0,3387865
297     CPU: 5,31795                    RAM: 2212                       D˜SK: 0,5919231
298     CPU: 5,169388                   RAM: 2216                       D˜SK: 0,02645622
299     CPU: 6,041456                   RAM: 2218                       D˜SK: 0,1824209
300     CPU: 2,399657                   RAM: 2215                       D˜SK: 3,447497
301     CPU: 3,551893                   RAM: 2214                       D˜SK: 0,08157579
302     CPU: 5,16312                    RAM: 2208                       D˜SK: 0,1148814
303     CPU: 7,216831                   RAM: 2210                       D˜SK: 0,07340442
304     CPU: 13,93231                   RAM: 2219                       D˜SK: 0,2206495
305     CPU: 10,75166                   RAM: 2212                       D˜SK: 0,08145775
306     CPU: 4,442776                   RAM: 2213                       D˜SK: 0,02813014
307     CPU: 3,893086                   RAM: 2208                       D˜SK: 3,254978
308     CPU: 7,515707                   RAM: 2213                       D˜SK: 0,06846229
309     CPU: 6,477581                   RAM: 2215                       D˜SK: 2,548698
310     CPU: 6,424391                   RAM: 2215                       D˜SK: 0,02641319
311     CPU: 4,722539                   RAM: 2218                       D˜SK: 0,05380116
312     CPU: 5,090174                   RAM: 2222                       D˜SK: 0,3126793
313     CPU: 10,90434                   RAM: 2212                       D˜SK: 1,225674
314     CPU: 7,53991                    RAM: 2214                       D˜SK: 0,1175534
315     CPU: 7,451455                   RAM: 2216                       D˜SK: 0,095454
316     CPU: 6,375725                   RAM: 2218                       D˜SK: 0,1087014
317     CPU: 5,510871                   RAM: 2210                       D˜SK: 0,05825926
318     CPU: 3,684046                   RAM: 2214                       D˜SK: 0,08967356
319     CPU: 5,657137                   RAM: 2216                       D˜SK: 0,150591
320     CPU: 8,968757                   RAM: 2218                       D˜SK: 2,179774
321     CPU: 5,188854                   RAM: 2218                       D˜SK: 0
322     CPU: 6,943782                   RAM: 2209                       D˜SK: 0,2145804
323     CPU: 10,77059                   RAM: 2212                       D˜SK: 0,1904303
324     CPU: 6,339892                   RAM: 2214                       D˜SK: 0,1641616
325     CPU: 8,274033                   RAM: 2216                       D˜SK: 0,02704895
326     CPU: 5,145984                   RAM: 2220                       D˜SK: 0,07484018
327     CPU: 7,187196                   RAM: 2222                       D˜SK: 0,1046115
328     CPU: 7,108602                   RAM: 2213                       D˜SK: 0,50403
329     CPU: 5,05908                    RAM: 2215                       D˜SK: 0,1738892
330     CPU: 4,109498                   RAM: 2219                       D˜SK: 0,2850299
331     CPU: 6,434099                   RAM: 2219                       D˜SK: 0,05849205
332     CPU: 1,180308                   RAM: 2221                       D˜SK: 0,07554636
333     CPU: 21,28184                   RAM: 2214                       D˜SK: 0,02680366
334     CPU: 7,587857                   RAM: 2216                       D˜SK: 2,127737
335     CPU: 5,895804                   RAM: 2218                       D˜SK: 0,9490437
336     CPU: 5,456936                   RAM: 2216                       D˜SK: 1,80171
337     CPU: 13,31239                   RAM: 2220                       D˜SK: 0,9155133
338     CPU: 6,680516                   RAM: 2222                       D˜SK: 0,1056404
339     CPU: 4,71241                    RAM: 2222                       D˜SK: 0,1555417
340     CPU: 7,327695                   RAM: 2220                       D˜SK: 0,08746246
341     CPU: 8,000328                   RAM: 2214                       D˜SK: 0,2019092
342     CPU: 2,876291                   RAM: 2215                       D˜SK: 0,04981672
343     CPU: 9,023826                   RAM: 2218                       D˜SK: 0,1147659
344     CPU: 7,97205                    RAM: 2219                       D˜SK: 14,52424
345     CPU: 8,268234                   RAM: 2210                       D˜SK: 1,646384
346     CPU: 9,354876                   RAM: 2213                       D˜SK: 0,9514905
347     CPU: 5,256153                   RAM: 2212                       D˜SK: 3,053834
348     CPU: 8,399522                   RAM: 2223                       D˜SK: 0,02184918
349     CPU: 5,259762                   RAM: 2225                       D˜SK: 0,161307
350     CPU: 6,430491                   RAM: 2227                       D˜SK: 0,3773418
351     CPU: 6,027905                   RAM: 2223                       D˜SK: 0,2872169
352     CPU: 5,887442                   RAM: 2220                       D˜SK: 0,4263595
353     CPU: 4,732241                   RAM: 2214                       D˜SK: 1,628558
354     CPU: 4,800427                   RAM: 2219                       D˜SK: 0,1487393
355     CPU: 11,53015                   RAM: 2221                       D˜SK: 0,07765325
356     CPU: 8,440916                   RAM: 2210                       D˜SK: 0,02639798
357     CPU: 20,80493                   RAM: 2207                       D˜SK: 39,65038
358     CPU: 3,147744                   RAM: 2210                       D˜SK: 1,195895
359     CPU: 8,574059                   RAM: 2211                       D˜SK: 14,24528
360     CPU: 5,418354                   RAM: 2210                       D˜SK: 0,02556105
361     CPU: 5,270669                   RAM: 2212                       D˜SK: 1,588581
362     CPU: 9,861702                   RAM: 2216                       D˜SK: 0,8620251
363     CPU: 1,039618                   RAM: 2219                       D˜SK: 0,05911894
364     CPU: 11,61664                   RAM: 2219                       D˜SK: 1,47298
365     CPU: 6,767151                   RAM: 2222                       D˜SK: 0,08214036
366     CPU: 9,449283                   RAM: 2204                       D˜SK: 0,07683407
367     CPU: 8,365159                   RAM: 2206                       D˜SK: 2,686376
368     CPU: 6,057787                   RAM: 2211                       D˜SK: 1,649696
369     CPU: 7,069093                   RAM: 2213                       D˜SK: 0,6877476
370     CPU: 36,18673                   RAM: 2156                       D˜SK: 9,305904
371     CPU: 56,78951                   RAM: 2136                       D˜SK: 35,69385
372     CPU: 24,97933                   RAM: 2412                       D˜SK: 2,766448
373     CPU: 8,615749                   RAM: 2424                       D˜SK: 2,004327
374     CPU: 7,114532                   RAM: 2428                       D˜SK: 10,05054
375     CPU: 3,996604                   RAM: 2429                       D˜SK: 0,02564718
376     CPU: 6,025773                   RAM: 2429                       D˜SK: 1,623985
377     CPU: 7,250462                   RAM: 2419                       D˜SK: 2,254932
378     CPU: 3,542692                   RAM: 2426                       D˜SK: 3,054759
379     CPU: 9,058391                   RAM: 2429                       D˜SK: 11,02122
380     CPU: 5,11066                    RAM: 2430                       D˜SK: 0,08316985
381     CPU: 5,387965                   RAM: 2425                       D˜SK: 1,299315
382     CPU: 9,584494                   RAM: 2421                       D˜SK: 0,05327009
383     CPU: 4,127956                   RAM: 2423                       D˜SK: 0,02509748
384     CPU: 4,798356                   RAM: 2424                       D˜SK: 0,05185403
385     CPU: 3,185667                   RAM: 2427                       D˜SK: 0,0918677
386     CPU: 6,755285                   RAM: 2428                       D˜SK: 0,08151837
387     CPU: 8,430521                   RAM: 2417                       D˜SK: 0,06607009
388     CPU: 7,096922                   RAM: 2422                       D˜SK: 0,08173817
389     CPU: 8,002905                   RAM: 2424                       D˜SK: 11,27098
390     CPU: 5,395125                   RAM: 2426                       D˜SK: 0,1191193
391     CPU: 5,511834                   RAM: 2429                       D˜SK: 1,256924
392     CPU: 7,03165                    RAM: 2419                       D˜SK: 0,1278678
393     CPU: 5,125824                   RAM: 2421                       D˜SK: 0,190098
394     CPU: 10,17461                   RAM: 2422                       D˜SK: 0,1041953
395     CPU: 0,2750467                  RAM: 2425                       D˜SK: 0
396     CPU: 6,071965                   RAM: 2410                       D˜SK: 0,1125628
397     CPU: 9,509202                   RAM: 2411                       D˜SK: 1,484403
398     CPU: 6,285593                   RAM: 2414                       D˜SK: 0,02601844
399     CPU: 5,964406                   RAM: 2414                       D˜SK: 0,193427
400     CPU: 6,48441                    RAM: 2417                       D˜SK: 1,499037
401     CPU: 4,148603                   RAM: 2414                       D˜SK: 0,4183078
402     CPU: 8,859839                   RAM: 2415                       D˜SK: 0,02322354
403     CPU: 8,635522                   RAM: 2417                       D˜SK: 0,2677133
404     CPU: 7,627254                   RAM: 2408                       D˜SK: 0,640692
405     CPU: 2,805188                   RAM: 2407                       D˜SK: 0,1016985
406     CPU: 4,774161                   RAM: 2416                       D˜SK: 0,02139981
407     CPU: 7,343431                   RAM: 2412                       D˜SK: 0,07730097
408     CPU: 9,339253                   RAM: 2416                       D˜SK: 0,1405385
409     CPU: 6,779502                   RAM: 2413                       D˜SK: 10,14038
410     CPU: 12,85317                   RAM: 2411                       D˜SK: 0,02628564
411     CPU: 4,157982                   RAM: 2413                       D˜SK: 0,0780171
412     CPU: 7,825389                   RAM: 2413                       D˜SK: 0,1516155
413     CPU: 2,66068                    RAM: 2415                       D˜SK: 0,6804574
414     CPU: 7,404023                   RAM: 2418                       D˜SK: 0,9411334
415     CPU: 6,939515                   RAM: 2417                       D˜SK: 0,4314375
416     CPU: 5,646402                   RAM: 2403                       D˜SK: 4,122728
417     CPU: 15,66783                   RAM: 2404                       D˜SK: 0,5015629
418     CPU: 6,960125                   RAM: 2415                       D˜SK: 0,03223819
419     CPU: 4,595202                   RAM: 2417                       D˜SK: 7,093103
420     CPU: 15,8784                    RAM: 2449                       D˜SK: 1,70213
421     CPU: 7,925459                   RAM: 2454                       D˜SK: 0,108512
422     CPU: 4,816657                   RAM: 2457                       D˜SK: 0,02705333
423     CPU: 13,85048                   RAM: 2453                       D˜SK: 0,1397301
424     CPU: 10,1611                    RAM: 2450                       D˜SK: 0,1478649
425     CPU: 4,318731                   RAM: 2450                       D˜SK: 0,02733542
426     CPU: 4,167064                   RAM: 2453                       D˜SK: 0,03997982
427     CPU: 5,864024                   RAM: 2456                       D˜SK: 0,08408747
428     CPU: 9,72833                    RAM: 2459                       D˜SK: 0,1053345
429     CPU: 5,573803                   RAM: 2453                       D˜SK: 1,736792
430     CPU: 5,576647                   RAM: 2449                       D˜SK: 3,10715
431     CPU: 3,017507                   RAM: 2453                       D˜SK: 0,04812758
432     CPU: 5,902629                   RAM: 2456                       D˜SK: 0,1211847
433     CPU: 6,363453                   RAM: 2458                       D˜SK: 0,02634259
434     CPU: 10,14169                   RAM: 2460                       D˜SK: 0,4676541
435     CPU: 7,090599                   RAM: 2451                       D˜SK: 0,07895774
436     CPU: 2,664118                   RAM: 2451                       D˜SK: 0,536434
437     CPU: 4,711499                   RAM: 2456                       D˜SK: 0,4464755
438     CPU: 4,641122                   RAM: 2458                       D˜SK: 0,117478
439     CPU: 6,301898                   RAM: 2460                       D˜SK: 0,1085884
440     CPU: 3,934391                   RAM: 2459                       D˜SK: 0,702431
441     CPU: 4,549159                   RAM: 2456                       D˜SK: 0,02781074
442     CPU: 7,376033                   RAM: 2451                       D˜SK: 0,08065829
443     CPU: 10,18988                   RAM: 2453                       D˜SK: 0,08888702
444     CPU: 6,640426                   RAM: 2456                       D˜SK: 0,2552249
445     CPU: 8,231451                   RAM: 2462                       D˜SK: 0,05105889
446     CPU: 3,414199                   RAM: 2461                       D˜SK: 1,996209
447     CPU: 3,068657                   RAM: 2462                       D˜SK: 0,05461667
448     CPU: 5,460521                   RAM: 2451                       D˜SK: 0,02661145
449     CPU: 5,379213                   RAM: 2453                       D˜SK: 0,2185419
450     CPU: 5,201762                   RAM: 2455                       D˜SK: 0,07577917
451     CPU: 5,032093                   RAM: 2459                       D˜SK: 0,135481
452     CPU: 6,319472                   RAM: 2461                       D˜SK: 0,02645596
453     CPU: 6,03705                    RAM: 2458                       D˜SK: 1,609167
454     CPU: 8,759623                   RAM: 2452                       D˜SK: 0,1117382
455     CPU: 7,677345                   RAM: 2454                       D˜SK: 0,1637094
456     CPU: 7,946165                   RAM: 2452                       D˜SK: 0,0272981
457     CPU: 6,265613                   RAM: 2452                       D˜SK: 0,06242182
458     CPU: 5,323508                   RAM: 2455                       D˜SK: 0,09158894
459     CPU: 4,377011                   RAM: 2458                       D˜SK: 0,1881629
460     CPU: 8,057624                   RAM: 2452                       D˜SK: 0,02755864
461     CPU: 3,428556                   RAM: 2454                       D˜SK: 0,1038662
462     CPU: 9,62459                    RAM: 2456                       D˜SK: 1,308684
463     CPU: 9,711566                   RAM: 2460                       D˜SK: 1,149429
464     CPU: 5,708253                   RAM: 2459                       D˜SK: 11,30082
465     CPU: 10,14755                   RAM: 2452                       D˜SK: 1,445982
466     CPU: 6,650767                   RAM: 2455                       D˜SK: 0,08131874
467     CPU: 4,808866                   RAM: 2456                       D˜SK: 0,08998679
468     CPU: 4,650037                   RAM: 2458                       D˜SK: 0
469     CPU: 6,556516                   RAM: 2460                       D˜SK: 0,1527364
470     CPU: 5,79331                    RAM: 2458                       D˜SK: 0,08154093
471     CPU: 8,359835                   RAM: 2449                       D˜SK: 0,07657626
472     CPU: 4,464129                   RAM: 2451                       D˜SK: 0,02650356
473     CPU: 7,040063                   RAM: 2455                       D˜SK: 0,1644653
474     CPU: 7,161362                   RAM: 2458                       D˜SK: 1,446092
475     CPU: 4,87699                    RAM: 2449                       D˜SK: 0,2368555
476     CPU: 7,968818                   RAM: 2452                       D˜SK: 0,07367643
477     CPU: 7,521579                   RAM: 2456                       D˜SK: 0,1369755
478     CPU: 1,348614                   RAM: 2456                       D˜SK: 0,3276285
479     CPU: 3,030738                   RAM: 2459                       D˜SK: 0,1055603
480     CPU: 3,875683                   RAM: 2459                       D˜SK: 1,93566
481     CPU: 6,872716                   RAM: 2458                       D˜SK: 1,821113
482     CPU: 9,582769                   RAM: 2449                       D˜SK: 0,08438474
483     CPU: 10,96869                   RAM: 2461                       D˜SK: 3,516573
484     CPU: 8,275224                   RAM: 2462                       D˜SK: 9,752684
485     CPU: 4,210505                   RAM: 2451                       D˜SK: 0,09483437
486     CPU: 9,096782                   RAM: 2447                       D˜SK: 0,1372632
487     CPU: 3,851527                   RAM: 2451                       D˜SK: 0,02680045
488     CPU: 7,124184                   RAM: 2451                       D˜SK: 0,05561368
489     CPU: 1,157784                   RAM: 2454                       D˜SK: 1,228068
490     CPU: 7,331382                   RAM: 2456                       D˜SK: 0,321646
491     CPU: 11,3569                    RAM: 2482                       D˜SK: 2,468365
492     CPU: 6,057117                   RAM: 2470                       D˜SK: 1,414489
493     CPU: 7,245476                   RAM: 2474                       D˜SK: 2,28457
494     CPU: 6,063583                   RAM: 2476                       D˜SK: 0,1042947
495     CPU: 7,127248                   RAM: 2478                       D˜SK: 0,5147045
496     CPU: 12,04798                   RAM: 2471                       D˜SK: 0,08082469
497     CPU: 4,25771                    RAM: 2475                       D˜SK: 0,1622105
498     CPU: 7,70108                    RAM: 2478                       D˜SK: 0,08427089
499     CPU: 1,02379                    RAM: 2478                       D˜SK: 0,1332039
500     CPU: 10,87457                   RAM: 2480                       D˜SK: 0,1017132
501     CPU: 8,191567                   RAM: 2481                       D˜SK: 0,0830967
502     CPU: 9,718951                   RAM: 2469                       D˜SK: 0,0243022
503     CPU: 3,473005                   RAM: 2473                       D˜SK: 0,08211885
504     CPU: 7,531874                   RAM: 2475                       D˜SK: 2,128875
505     CPU: 4,586003                   RAM: 2478                       D˜SK: 0,08628874
506     CPU: 6,76282                    RAM: 2479                       D˜SK: 0,02655595
507     CPU: 16,1974                    RAM: 2470                       D˜SK: 0,0837457
508     CPU: 21,59806                   RAM: 2475                       D˜SK: 41,90572
509     CPU: 1,853117                   RAM: 2476                       D˜SK: 0,921818
510     CPU: 7,788006                   RAM: 2477                       D˜SK: 0,02630072
511     CPU: 5,119155                   RAM: 2477                       D˜SK: 3,165598
512     CPU: 10,48903                   RAM: 2479                       D˜SK: 0,283877
513     CPU: 9,235531                   RAM: 2481                       D˜SK: 0,4013312
514     CPU: 4,733761                   RAM: 2485                       D˜SK: 94,93121
515     CPU: 7,337525                   RAM: 2479                       D˜SK: 120,6949
516     CPU: 3,578739                   RAM: 2489                       D˜SK: 295,9084
517     CPU: 8,439297                   RAM: 2497                       D˜SK: 330,6312
518     CPU: 19,19782                   RAM: 2467                       D˜SK: 375,4496
519     CPU: 10,91504                   RAM: 2462                       D˜SK: 425,8549
520     CPU: 8,776678                   RAM: 2465                       D˜SK: 303,0338
521     CPU: 11,54447                   RAM: 2464                       D˜SK: 1,024051
522     CPU: 6,784303                   RAM: 2463                       D˜SK: 0,8260412
523     CPU: 9,231192                   RAM: 2462                       D˜SK: 0,09222585
524     CPU: 4,495285                   RAM: 2458                       D˜SK: 0,9096792
525     CPU: 8,411999                   RAM: 2456                       D˜SK: 0,07816837
526     CPU: 4,708858                   RAM: 2455                       D˜SK: 0,07731867
527     CPU: 6,191618                   RAM: 2456                       D˜SK: 0,7413804
528     CPU: 5,793215                   RAM: 2451                       D˜SK: 2,123368
529     CPU: 3,186646                   RAM: 2453                       D˜SK: 0,02609637
530     CPU: 21,61286                   RAM: 2454                       D˜SK: 6,708006
531     CPU: 4,341555                   RAM: 2451                       D˜SK: 6,422811
532     CPU: 7,867863                   RAM: 2452                       D˜SK: 1,669903
533     CPU: 9,446196                   RAM: 2454                       D˜SK: 0,02851467
534     CPU: 8,861928                   RAM: 2456                       D˜SK: 0,0835252
535     CPU: 8,285672                   RAM: 2454                       D˜SK: 0,1411259
536     CPU: 4,720722                   RAM: 2457                       D˜SK: 0,08029363
537     CPU: 5,611853                   RAM: 2456                       D˜SK: 0,02664929
538     CPU: 5,799471                   RAM: 2455                       D˜SK: 0,1145094
539     CPU: 4,469435                   RAM: 2456                       D˜SK: 0,08966756
540     CPU: 6,580819                   RAM: 2452                       D˜SK: 0,1336065
541     CPU: 0                          RAM: 2454                       D˜SK: 0
542     CPU: 7,606309                   RAM: 2456                       D˜SK: 0,9734915
543     CPU: 4,063972                   RAM: 2460                       D˜SK: 0,3522403
544     CPU: 7,058434                   RAM: 2462                       D˜SK: 0,4942113
545     CPU: 4,31762                    RAM: 2452                       D˜SK: 0,1093009
546     CPU: 7,732456                   RAM: 2451                       D˜SK: 1,52255
547     CPU: 3,92237                    RAM: 2452                       D˜SK: 0,09088627
548     CPU: 6,400423                   RAM: 2448                       D˜SK: 0,02632779
549     CPU: 2,453679                   RAM: 2452                       D˜SK: 0,1099764
550     CPU: 7,591385                   RAM: 2455                       D˜SK: 0,6188962
551     CPU: 4,135204                   RAM: 2456                       D˜SK: 0,07684964
552     CPU: 4,606212                   RAM: 2458                       D˜SK: 0,02612224
553     CPU: 6,750823                   RAM: 2448                       D˜SK: 0,1209649
554     CPU: 7,614585                   RAM: 2451                       D˜SK: 0,07915181
555     CPU: 7,881957                   RAM: 2453                       D˜SK: 0,2430696
556     CPU: 6,957707                   RAM: 2455                       D˜SK: 0,02663261
557     CPU: 4,537178                   RAM: 2459                       D˜SK: 0,1936331
558     CPU: 7,799578                   RAM: 2448                       D˜SK: 0,08822526
559     CPU: 4,402886                   RAM: 2451                       D˜SK: 0,2757618
560     CPU: 10,65902                   RAM: 2456                       D˜SK: 1,858602
561     CPU: 2,485765                   RAM: 2456                       D˜SK: 1,162811
562     CPU: 1,963337                   RAM: 2450                       D˜SK: 0,2159656
563     CPU: 6,685846                   RAM: 2454                       D˜SK: 0,1010236
564     CPU: 9,19967                    RAM: 2456                       D˜SK: 0,02657269
565     CPU: 4,533192                   RAM: 2458                       D˜SK: 0,07376567
566     CPU: 11,55636                   RAM: 2452                       D˜SK: 12,54743
567     CPU: 9,083115                   RAM: 2456                       D˜SK: 0,07548437
568     CPU: 5,240427                   RAM: 2458                       D˜SK: 0,02612843
569     CPU: 10,94271                   RAM: 2460                       D˜SK: 0,09818169
570     CPU: 10,25207                   RAM: 2460                       D˜SK: 0,6464727
571     CPU: 3,979515                   RAM: 2449                       D˜SK: 0,4236439
572     CPU: 5,127197                   RAM: 2452                       D˜SK: 0
573     CPU: 6,989957                   RAM: 2454                       D˜SK: 0,12226
574     CPU: 6,186014                   RAM: 2456                       D˜SK: 0,1315045
575     CPU: 7,858281                   RAM: 2460                       D˜SK: 0,02637511
576     CPU: 3,924283                   RAM: 2462                       D˜SK: 3,917449
577     CPU: 8,401408                   RAM: 2454                       D˜SK: 0,09853134
578     CPU: 8,174232                   RAM: 2456                       D˜SK: 0,9484856
579     CPU: 4,52989                    RAM: 2458                       D˜SK: 0,02646711
580     CPU: 6,210075                   RAM: 2460                       D˜SK: 0,1058275
581     CPU: 6,907738                   RAM: 2462                       D˜SK: 0,1019241
582     CPU: 4,689928                   RAM: 2460                       D˜SK: 0,4391817
583     CPU: 3,883341                   RAM: 2452                       D˜SK: 0,0262762
584     CPU: 5,250562                   RAM: 2454                       D˜SK: 0,05736205
585     CPU: 13,53939                   RAM: 2458                       D˜SK: 0,13832
586     CPU: 9,522                      RAM: 2460                       D˜SK: 6,989223
587     CPU: 4,940773                   RAM: 2452                       D˜SK: 0,3588479
588     CPU: 6,307634                   RAM: 2454                       D˜SK: 0,09780826
589     CPU: 4,136864                   RAM: 2458                       D˜SK: 0,09478956
590     CPU: 5,58395                    RAM: 2516                       D˜SK: 3,803398
591     CPU: 10,35057                   RAM: 2517                       D˜SK: 0,07927475
592     CPU: 3,752143                   RAM: 2514                       D˜SK: 0,3614973
593     CPU: 3,311223                   RAM: 2505                       D˜SK: 0,7288374
594     CPU: 2,852974                   RAM: 2507                       D˜SK: 0,08011092
595     CPU: 7,039735                   RAM: 2511                       D˜SK: 0,02917215
596     CPU: 5,117066                   RAM: 2514                       D˜SK: 0,1584109
597     CPU: 6,080914                   RAM: 2516                       D˜SK: 0,08130335
598     CPU: 5,288734                   RAM: 2514                       D˜SK: 0,0263347
599     CPU: 6,613448                   RAM: 2507                       D˜SK: 0,08160094
600     CPU: 5,925482                   RAM: 2509                       D˜SK: 0,08172315
601     CPU: 7,651441                   RAM: 2513                       D˜SK: 0,1778251
602     CPU: 5,220266                   RAM: 2506                       D˜SK: 0,02684537
603     CPU: 4,439385                   RAM: 2510                       D˜SK: 0,05834892
604     CPU: 6,240224                   RAM: 2510                       D˜SK: 0,1824811
605     CPU: 8,602857                   RAM: 2504                       D˜SK: 0,08166208
606     CPU: 7,218619                   RAM: 2506                       D˜SK: 1,882002
607     CPU: 6,580309                   RAM: 2510                       D˜SK: 0,08899894
608     CPU: 4,207536                   RAM: 2513                       D˜SK: 1,948539
609     CPU: 12,03747                   RAM: 2514                       D˜SK: 0,09416704
610     CPU: 2,894928                   RAM: 2504                       D˜SK: 0,04813601
611     CPU: 6,443395                   RAM: 2508                       D˜SK: 1,01019
612     CPU: 4,587811                   RAM: 2508                       D˜SK: 0,1400553
613     CPU: 9,889201                   RAM: 2512                       D˜SK: 0,0766059
614     CPU: 4,494409                   RAM: 2514                       D˜SK: 0,02662924
615     CPU: 5,495453                   RAM: 2506                       D˜SK: 0,06534392
616     CPU: 8,108557                   RAM: 2508                       D˜SK: 0,1523254
617     CPU: 7,279677                   RAM: 2512                       D˜SK: 0,134374
618     CPU: 7,808425                   RAM: 2514                       D˜SK: 0,0263707
619     CPU: 4,729996                   RAM: 2515                       D˜SK: 1,940549
620     CPU: 6,827867                   RAM: 2506                       D˜SK: 0,9233512
621     CPU: 3,512359                   RAM: 2510                       D˜SK: 0,3264889
622     CPU: 6,711265                   RAM: 2512                       D˜SK: 0,02758474
623     CPU: 2,591128                   RAM: 2512                       D˜SK: 0,07444505
624     CPU: 3,848012                   RAM: 2514                       D˜SK: 2,137203
625     CPU: 4,500894                   RAM: 2513                       D˜SK: 0,02626901
626     CPU: 8,238203                   RAM: 2507                       D˜SK: 48,03593
627     CPU: 11,64281                   RAM: 2496                       D˜SK: 74,98913
628     CPU: 12,17275                   RAM: 2488                       D˜SK: 29,39684
629     CPU: 11,98092                   RAM: 2487                       D˜SK: 5,931511
630     CPU: 17,89254                   RAM: 2498                       D˜SK: 176,1436
631     CPU: 16,53798                   RAM: 2486                       D˜SK: 36,86176
632     CPU: 15,95193                   RAM: 2492                       D˜SK: 2,871522
633     CPU: 14,70883                   RAM: 2493                       D˜SK: 0,06210095
634     CPU: 3,399822                   RAM: 2485                       D˜SK: 5,453344
635     CPU: 1,873124                   RAM: 2488                       D˜SK: 0,1125451
636     CPU: 7,21175                    RAM: 2491                       D˜SK: 0,140359
637     CPU: 4,982034                   RAM: 2494                       D˜SK: 0,613959
638     CPU: 7,545372                   RAM: 2498                       D˜SK: 0,07607558
639     CPU: 7,780076                   RAM: 2524                       D˜SK: 5,073987
640     CPU: 5,796799                   RAM: 2516                       D˜SK: 1,348089
641     CPU: 8,521298                   RAM: 2514                       D˜SK: 12,30657
642     CPU: 8,440299                   RAM: 2519                       D˜SK: 0,1540496
643     CPU: 7,120713                   RAM: 2513                       D˜SK: 0,4725204
644     CPU: 8,283338                   RAM: 2515                       D˜SK: 1,240985
645     CPU: 5,297056                   RAM: 2515                       D˜SK: 0
646     CPU: 1,643372                   RAM: 2518                       D˜SK: 0,1394713
647     CPU: 11,94771                   RAM: 2513                       D˜SK: 0,08353186
648     CPU: 4,973478                   RAM: 2517                       D˜SK: 0,1487055
649     CPU: 7,094152                   RAM: 2519                       D˜SK: 0,05292119
650     CPU: 4,275068                   RAM: 2520                       D˜SK: 0,07291083
651     CPU: 5,075686                   RAM: 2519                       D˜SK: 10,78467
652     CPU: 10,38406                   RAM: 2512                       D˜SK: 0,02669939
653     CPU: 5,935276                   RAM: 2515                       D˜SK: 1,437061
654     CPU: 7,086592                   RAM: 2518                       D˜SK: 0,08132076
655     CPU: 4,801792                   RAM: 2519                       D˜SK: 0,1151902
656     CPU: 5,018143                   RAM: 2518                       D˜SK: 0,2263809
657     CPU: 3,225904                   RAM: 2516                       D˜SK: 0,2150581
658     CPU: 8,10624                    RAM: 2511                       D˜SK: 0,4620616
659     CPU: 9,171884                   RAM: 2513                       D˜SK: 0,1194406
660     CPU: 2,772131                   RAM: 2517                       D˜SK: 0,0255479
661     CPU: 13,11659                   RAM: 2510                       D˜SK: 4,049495
662     CPU: 4,434331                   RAM: 2516                       D˜SK: 0,3607232
663     CPU: 6,884599                   RAM: 2509                       D˜SK: 0,1387085
664     CPU: 7,57296                    RAM: 2511                       D˜SK: 0,02660886
665     CPU: 3,612816                   RAM: 2514                       D˜SK: 0,09254428
666     CPU: 3,198632                   RAM: 2516                       D˜SK: 0,5037117
667     CPU: 2,260439                   RAM: 2519                       D˜SK: 0,07660922
668     CPU: 8,017505                   RAM: 2518                       D˜SK: 0,02666404
669     CPU: 6,276225                   RAM: 2508                       D˜SK: 0,05981416
670     CPU: 11,81749                   RAM: 2514                       D˜SK: 0,1484049
671     CPU: 6,541283                   RAM: 2519                       D˜SK: 1,818442
672     CPU: 6,48932                    RAM: 2521                       D˜SK: 0,2292493
673     CPU: 6,037385                   RAM: 2517                       D˜SK: 0,3578049
674     CPU: 4,766438                   RAM: 2510                       D˜SK: 1,026528
675     CPU: 7,85183                    RAM: 2513                       D˜SK: 0,08134601
676     CPU: 3,573598                   RAM: 2514                       D˜SK: 0,1274659
677     CPU: 1,851655                   RAM: 2517                       D˜SK: 0,05234245
678     CPU: 8,12454                    RAM: 2520                       D˜SK: 0,08020491
679     CPU: 3,440289                   RAM: 2518                       D˜SK: 0,02697348
680     CPU: 10,2146                    RAM: 2512                       D˜SK: 0,08173244
681     CPU: 5,08735                    RAM: 2514                       D˜SK: 0,1392144
682     CPU: 8,513542                   RAM: 2517                       D˜SK: 0,08326185
683     CPU: 6,474488                   RAM: 2518                       D˜SK: 0,02338624
684     CPU: 7,688178                   RAM: 2510                       D˜SK: 0,1440844
685     CPU: 6,511252                   RAM: 2512                       D˜SK: 0,1094159
686     CPU: 15,42397                   RAM: 2499                       D˜SK: 0,2009044
687     CPU: 12,6072                    RAM: 2479                       D˜SK: 0,04582798
688     CPU: 6,319379                   RAM: 2485                       D˜SK: 0,2613376
689     CPU: 5,412006                   RAM: 2488                       D˜SK: 0,4150207
690     CPU: 5,999832                   RAM: 2491                       D˜SK: 0,5625185
691     CPU: 9,898219                   RAM: 2494                       D˜SK: 0,138812
692     CPU: 8,078231                   RAM: 2484                       D˜SK: 0,0800229
693     CPU: 4,43241                    RAM: 2486                       D˜SK: 0,06061943
694     CPU: 7,598125                   RAM: 2490                       D˜SK: 0,08876015
695     CPU: 6,068292                   RAM: 2492                       D˜SK: 0,02644197
696     CPU: 6,768067                   RAM: 2491                       D˜SK: 0,1551767
697     CPU: 6,476791                   RAM: 2492                       D˜SK: 0,8792028
698     CPU: 2,561903                   RAM: 2492                       D˜SK: 0,1734783
699     CPU: 8,151387                   RAM: 2489                       D˜SK: 0,3681329
700     CPU: 7,527798                   RAM: 2491                       D˜SK: 0,07272899
701     CPU: 7,30665                    RAM: 2494                       D˜SK: 0,09885956
702     CPU: 7,850871                   RAM: 2496                       D˜SK: 0,1006326
703     CPU: 10,32502                   RAM: 2488                       D˜SK: 0,6382198
704     CPU: 4,464711                   RAM: 2492                       D˜SK: 0,09856386
705     CPU: 7,028275                   RAM: 2494                       D˜SK: 0,2373567
706     CPU: 5,694065                   RAM: 2496                       D˜SK: 0,1321826
707     CPU: 3,971429                   RAM: 2493                       D˜SK: 0,1483112
708     CPU: 3,820465                   RAM: 2495                       D˜SK: 0,4688738
709     CPU: 4,856458                   RAM: 2491                       D˜SK: 1,264955
710     CPU: 5,570498                   RAM: 2487                       D˜SK: 0,0261868
711     CPU: 8,994991                   RAM: 2489                       D˜SK: 1,678599
712     CPU: 10,05774                   RAM: 2491                       D˜SK: 0,3172118
713     CPU: 4,915981                   RAM: 2492                       D˜SK: 0,1588742
714     CPU: 23,06542                   RAM: 2486                       D˜SK: 0,02563451
715     CPU: 27,48239                   RAM: 2514                       D˜SK: 0,2039908
716     CPU: 20,04792                   RAM: 2519                       D˜SK: 0,2073599
717     CPU: 6,720323                   RAM: 2514                       D˜SK: 1,269382
718     CPU: 9,897854                   RAM: 2515                       D˜SK: 0,04527102
719     CPU: 9,234599                   RAM: 2521                       D˜SK: 0,1423578
720     CPU: 10,14818                   RAM: 2512                       D˜SK: 0,150978
721     CPU: 8,071569                   RAM: 2515                       D˜SK: 0,3028063
722     CPU: 6,705375                   RAM: 2514                       D˜SK: 0,1336035
723     CPU: 19,72228                   RAM: 2513                       D˜SK: 17,86799
724     CPU: 8,99572                    RAM: 2513                       D˜SK: 0,4897326
725     CPU: 10,50153                   RAM: 2511                       D˜SK: 0,07432132
726     CPU: 10,64328                   RAM: 2512                       D˜SK: 0,02663537
727     CPU: 5,608413                   RAM: 2509                       D˜SK: 0,1492352
728     CPU: 4,615586                   RAM: 2507                       D˜SK: 0,2555584
729     CPU: 8,614962                   RAM: 2504                       D˜SK: 0,02626959
730     CPU: 7,683127                   RAM: 2496                       D˜SK: 1,972436
731     CPU: 2,941431                   RAM: 2499                       D˜SK: 0,1372759
732     CPU: 4,501749                   RAM: 2504                       D˜SK: 0,1632365
733     CPU: 5,457604                   RAM: 2507                       D˜SK: 0,02493687
734     CPU: 7,091316                   RAM: 2509                       D˜SK: 0,08336062
735     CPU: 9,277162                   RAM: 2511                       D˜SK: 0,1102483
736     CPU: 4,632256                   RAM: 2513                       D˜SK: 0,6590703
737     CPU: 10,55581                   RAM: 2502                       D˜SK: 2,302513
738     CPU: 5,651842                   RAM: 2506                       D˜SK: 0,5451268
739     CPU: 3,637966                   RAM: 2509                       D˜SK: 0,07645378
740     CPU: 9,859428                   RAM: 2511                       D˜SK: 0,08038928
741     CPU: 3,731405                   RAM: 2511                       D˜SK: 0
742     CPU: 4,883882                   RAM: 2502                       D˜SK: 1,5265
743     CPU: 6,031552                   RAM: 2504                       D˜SK: 0,2292347
744     CPU: 5,841869                   RAM: 2506                       D˜SK: 0,08101835
745     CPU: 5,935965                   RAM: 2510                       D˜SK: 1,645897
746     CPU: 5,767219                   RAM: 2513                       D˜SK: 0,09226273
747     CPU: 3,994655                   RAM: 2504                       D˜SK: 0,1153087
748     CPU: 6,461123                   RAM: 2506                       D˜SK: 0,1117162
749     CPU: 9,004376                   RAM: 2510                       D˜SK: 0,117475
750     CPU: 4,527221                   RAM: 2513                       D˜SK: 1,407862
751     CPU: 4,201986                   RAM: 2511                       D˜SK: 0,08632074
752     CPU: 6,773494                   RAM: 2507                       D˜SK: 0,1883927
753     CPU: 5,834915                   RAM: 2501                       D˜SK: 0,0219707
754     CPU: 4,358649                   RAM: 2503                       D˜SK: 1,299141
755     CPU: 10,49109                   RAM: 2505                       D˜SK: 1,187314
756     CPU: 5,28745                    RAM: 2509                       D˜SK: 0,06347774
757     CPU: 6,477201                   RAM: 2511                       D˜SK: 0,1857251
758     CPU: 6,550579                   RAM: 2508                       D˜SK: 0,05630301
759     CPU: 15,12721                   RAM: 2503                       D˜SK: 0,1601809
760     CPU: 6,41573                    RAM: 2507                       D˜SK: 0,02697301
761     CPU: 7,183089                   RAM: 2510                       D˜SK: 0,102925
762     CPU: 5,501997                   RAM: 2509                       D˜SK: 0,8130639
763     CPU: 1,908566                   RAM: 2509                       D˜SK: 0,1261037
764     CPU: 5,798615                   RAM: 2503                       D˜SK: 0,02636858
765     CPU: 7,394255                   RAM: 2505                       D˜SK: 0,07543514
766     CPU: 4,89162                    RAM: 2510                       D˜SK: 0,08113865
767     CPU: 9,425038                   RAM: 2512                       D˜SK: 0,1403229
768     CPU: 3,89239                    RAM: 2513                       D˜SK: 0,02627005
769     CPU: 8,679053                   RAM: 2503                       D˜SK: 0,1022866
770     CPU: 8,507695                   RAM: 2505                       D˜SK: 0,390543
771     CPU: 5,930378                   RAM: 2507                       D˜SK: 0,05879441
772     CPU: 5,145289                   RAM: 2507                       D˜SK: 1,136076
773     CPU: 2,158513                   RAM: 2509                       D˜SK: 1,758324
774     CPU: 9,132559                   RAM: 2511                       D˜SK: 2,255229
775     CPU: 5,210311                   RAM: 2502                       D˜SK: 0,08612332
776     CPU: 5,14255                    RAM: 2504                       D˜SK: 0,04937266
777     CPU: 1,964623                   RAM: 2507                       D˜SK: 0,1439835
778     CPU: 14,37289                   RAM: 2510                       D˜SK: 0,1034953
779     CPU: 3,371845                   RAM: 2508                       D˜SK: 0,1248181
780     CPU: 13,79925                   RAM: 2500                       D˜SK: 1,394113
781     CPU: 4,610104                   RAM: 2502                       D˜SK: 0,1125041
782     CPU: 5,77362                    RAM: 2504                       D˜SK: 0,1463241
783     CPU: 0                          RAM: 2506                       D˜SK: 0,07071421
784     CPU: 10,27817                   RAM: 2510                       D˜SK: 1,566249
785     CPU: 6,661744                   RAM: 2510                       D˜SK: 0,09002692
786     CPU: 7,626817                   RAM: 2501                       D˜SK: 0,3803144
787     CPU: 9,927064                   RAM: 2504                       D˜SK: 0,2031158
788     CPU: 4,161664                   RAM: 2508                       D˜SK: 0,8722918
789     CPU: 6,114912                   RAM: 2508                       D˜SK: 0,09908871
790     CPU: 9,743187                   RAM: 2505                       D˜SK: 0,118247
791     CPU: 6,22556                    RAM: 2499                       D˜SK: 0,07817775
792     CPU: 4,316889                   RAM: 2504                       D˜SK: 0,1764167
793     CPU: 2,829077                   RAM: 2505                       D˜SK: 0,1142258
794     CPU: 4,64917                    RAM: 2507                       D˜SK: 0,10391
795     CPU: 3,408717                   RAM: 2509                       D˜SK: 0,1196024
796     CPU: 4,39114                    RAM: 2509                       D˜SK: 0,05663323
797     CPU: 5,748793                   RAM: 2509                       D˜SK: 0,1711165
798     CPU: 12,63009                   RAM: 2501                       D˜SK: 0,2587757
799     CPU: 6,567857                   RAM: 2500                       D˜SK: 0,06949042
800     CPU: 6,241976                   RAM: 2496                       D˜SK: 19,81461
801     CPU: 6,23178                    RAM: 2496                       D˜SK: 0,1360099
802     CPU: 4,179097                   RAM: 2504                       D˜SK: 0,4688247
803     CPU: 3,293476                   RAM: 2503                       D˜SK: 0
804     CPU: 4,465727                   RAM: 2497                       D˜SK: 0,083106
805     CPU: 7,665936                   RAM: 2499                       D˜SK: 0,07802439
806     CPU: 4,26188                    RAM: 2503                       D˜SK: 0,1337398
807     CPU: 6,673767                   RAM: 2506                       D˜SK: 1,896883
808     CPU: 4,272319                   RAM: 2509                       D˜SK: 0,1180501
809     CPU: 7,709575                   RAM: 2511                       D˜SK: 0,0848067
810     CPU: 2,985682                   RAM: 2510                       D˜SK: 0,02713123
811     CPU: 6,631425                   RAM: 2501                       D˜SK: 0,07835016
812     CPU: 8,647598                   RAM: 2503                       D˜SK: 0,1924219
813     CPU: 9,001108                   RAM: 2503                       D˜SK: 0,0809204
814     CPU: 2,390386                   RAM: 2507                       D˜SK: 0
815     CPU: 3,291589                   RAM: 2510                       D˜SK: 0,1177057
816     CPU: 6,986639                   RAM: 2513                       D˜SK: 0,1545144
817     CPU: 5,803612                   RAM: 2504                       D˜SK: 0,1681956
818     CPU: 6,759652                   RAM: 2503                       D˜SK: 0,02700947
819     CPU: 10,25221                   RAM: 2505                       D˜SK: 0,2146966
820     CPU: 4,713111                   RAM: 2507                       D˜SK: 0,09727008
821     CPU: 11,73414                   RAM: 2512                       D˜SK: 0,1093136
822     CPU: 7,185431                   RAM: 2504                       D˜SK: 0,2156371
823     CPU: 3,35621                    RAM: 2506                       D˜SK: 0,06871863
824     CPU: 2,776419                   RAM: 2506                       D˜SK: 0,05730855
825     CPU: 6,884836                   RAM: 2511                       D˜SK: 0,07745078
826     CPU: 4,561104                   RAM: 2511                       D˜SK: 0,02735472
827     CPU: 7,337533                   RAM: 2507                       D˜SK: 0,1279284
828     CPU: 10,91856                   RAM: 2501                       D˜SK: 0,07285363
829     CPU: 9,96872                    RAM: 2505                       D˜SK: 0,1624937
830     CPU: 12,41299                   RAM: 2508                       D˜SK: 0,2170528
831     CPU: 11,04016                   RAM: 2503                       D˜SK: 0,2506003
832     CPU: 5,368854                   RAM: 2505                       D˜SK: 0,1332768
833     CPU: 8,756494                   RAM: 2510                       D˜SK: 0,0273637
834     CPU: 9,465623                   RAM: 2500                       D˜SK: 0,09985295
835     CPU: 3,02904                    RAM: 2503                       D˜SK: 0,3094213
836     CPU: 4,432388                   RAM: 2505                       D˜SK: 1,465779
837     CPU: 6,059126                   RAM: 2509                       D˜SK: 0,5713257
838     CPU: 7,150123                   RAM: 2507                       D˜SK: 0,05903876
839     CPU: 5,993587                   RAM: 2505                       D˜SK: 1,864385
840     CPU: 4,735961                   RAM: 2500                       D˜SK: 0,1149897
841     CPU: 7,150734                   RAM: 2503                       D˜SK: 0,02679393
842     CPU: 5,308151                   RAM: 2505                       D˜SK: 3,441881
843     CPU: 9,229948                   RAM: 2510                       D˜SK: 0,07778091
844     CPU: 7,49671                    RAM: 2499                       D˜SK: 0,1897711
845     CPU: 2,682546                   RAM: 2496                       D˜SK: 0
846     CPU: 5,531023                   RAM: 2499                       D˜SK: 0,07821003
847     CPU: 8,308627                   RAM: 2503                       D˜SK: 1,374288
848     CPU: 5,87235                    RAM: 2505                       D˜SK: 0,08242759
849     CPU: 6,526723                   RAM: 2507                       D˜SK: 0,08463957
850     CPU: 8,511099                   RAM: 2496                       D˜SK: 0,1803765
851     CPU: 13,61729                   RAM: 2501                       D˜SK: 5,605045
852     CPU: 9,444483                   RAM: 2500                       D˜SK: 0,1556576
853     CPU: 4,530159                   RAM: 2502                       D˜SK: 0,02400493
854     CPU: 3,745085                   RAM: 2504                       D˜SK: 0,07628889
855     CPU: 9,739499                   RAM: 2504                       D˜SK: 0,0499968
856     CPU: 1,263125                   RAM: 2507                       D˜SK: 1,341503
857     CPU: 5,235747                   RAM: 2510                       D˜SK: 0,1071642
858     CPU: 4,747917                   RAM: 2501                       D˜SK: 0,1195887
859     CPU: 2,867968                   RAM: 2503                       D˜SK: 0,1552806
860     CPU: 4,938015                   RAM: 2505                       D˜SK: 0,02643174
861     CPU: 4,705551                   RAM: 2509                       D˜SK: 0,1381512
862     CPU: 8,225895                   RAM: 2509                       D˜SK: 0,1694269
863     CPU: 5,700684                   RAM: 2499                       D˜SK: 0,07866001
864     CPU: 9,592731                   RAM: 2501                       D˜SK: 0,02454395
865     CPU: 2,096393                   RAM: 2503                       D˜SK: 0,05149894
866     CPU: 2,199086                   RAM: 2505                       D˜SK: 0,08067304
867     CPU: 11,16514                   RAM: 2508                       D˜SK: 0,5710778
868     CPU: 8,740734                   RAM: 2498                       D˜SK: 0,02636196
869     CPU: 7,583917                   RAM: 2502                       D˜SK: 0,1576379
870     CPU: 10,68218                   RAM: 2504                       D˜SK: 0,07264302
871     CPU: 9,513312                   RAM: 2502                       D˜SK: 0,1085591
872     CPU: 1,779854                   RAM: 2504                       D˜SK: 0,1072989
873     CPU: 8,655581                   RAM: 2509                       D˜SK: 0,08375706
874     CPU: 5,139713                   RAM: 2514                       D˜SK: 16,09306
875     CPU: 5,949461                   RAM: 2503                       D˜SK: 0,08050436
876     CPU: 3,828543                   RAM: 2503                       D˜SK: 0
877     CPU: 6,05445                    RAM: 2506                       D˜SK: 0,1430081
878     CPU: 7,33415                    RAM: 2509                       D˜SK: 0,1539267
879     CPU: 5,326828                   RAM: 2513                       D˜SK: 0,5874646
880     CPU: 3,447411                   RAM: 2514                       D˜SK: 0,05407626
881     CPU: 6,784173                   RAM: 2503                       D˜SK: 3,627973
882     CPU: 5,614494                   RAM: 2505                       D˜SK: 0,1859981
883     CPU: 6,728225                   RAM: 2509                       D˜SK: 1,134271
884     CPU: 4,019176                   RAM: 2512                       D˜SK: 0,3925397
885     CPU: 7,290431                   RAM: 2513                       D˜SK: 0,8776895
886     CPU: 5,222674                   RAM: 2510                       D˜SK: 0,1066151
887     CPU: 2,441158                   RAM: 2514                       D˜SK: 0,0902878
888     CPU: 9,253142                   RAM: 2525                       D˜SK: 0,1279981
889     CPU: 3,987279                   RAM: 2527                       D˜SK: 0,1003408
890     CPU: 10,2246                    RAM: 2530                       D˜SK: 0,1522336
891     CPU: 9,425352                   RAM: 2524                       D˜SK: 0,02638209
892     CPU: 5,60675                    RAM: 2526                       D˜SK: 0,1678779
893     CPU: 6,96755                    RAM: 2528                       D˜SK: 0,1017433
894     CPU: 6,259749                   RAM: 2530                       D˜SK: 0,08471011
895     CPU: 5,680328                   RAM: 2522                       D˜SK: 0,02788457
896     CPU: 5,503627                   RAM: 2524                       D˜SK: 0,1122802
897     CPU: 6,893959                   RAM: 2526                       D˜SK: 0,2173737
898     CPU: 4,324076                   RAM: 2528                       D˜SK: 0,05776998
899     CPU: 10,86982                   RAM: 2521                       D˜SK: 0,07894232
900     CPU: 4,418452                   RAM: 2519                       D˜SK: 0,2149422
901     CPU: 6,957411                   RAM: 2522                       D˜SK: 0,1062183
902     CPU: 3,21293                    RAM: 2524                       D˜SK: 0,2462984
903     CPU: 8,339055                   RAM: 2526                       D˜SK: 0,0268288
904     CPU: 9,552534                   RAM: 2521                       D˜SK: 0,5677045
905     CPU: 6,392627                   RAM: 2526                       D˜SK: 0,04993762
906     CPU: 3,244908                   RAM: 2530                       D˜SK: 0,02722635
907     CPU: 13,78979                   RAM: 2557                       D˜SK: 2,614207
908     CPU: 8,283074                   RAM: 2553                       D˜SK: 0,1097437
909     CPU: 4,001819                   RAM: 2545                       D˜SK: 0,09272031
910     CPU: 11,70191                   RAM: 2547                       D˜SK: 0,1149035
911     CPU: 8,601208                   RAM: 2549                       D˜SK: 0,0536791
912     CPU: 6,254906                   RAM: 2551                       D˜SK: 0,2172283
913     CPU: 8,969471                   RAM: 2554                       D˜SK: 0,08247568
914     CPU: 7,617582                   RAM: 2556                       D˜SK: 0,02633173
915     CPU: 4,566308                   RAM: 2556                       D˜SK: 0,1032294
916     CPU: 4,230701                   RAM: 2547                       D˜SK: 0,6315368
917     CPU: 4,117375                   RAM: 2550                       D˜SK: 0,7986199
918     CPU: 8,001515                   RAM: 2553                       D˜SK: 0,02662537
919     CPU: 3,006892                   RAM: 2556                       D˜SK: 0,3103187
920     CPU: 6,637195                   RAM: 2557                       D˜SK: 0,09829186
921     CPU: 3,297863                   RAM: 2558                       D˜SK: 0,05940297
922     CPU: 11,78738                   RAM: 2546                       D˜SK: 0,1038791
923     CPU: 5,318486                   RAM: 2548                       D˜SK: 0,1028981
924     CPU: 10,92105                   RAM: 2550                       D˜SK: 0,08650662
925     CPU: 6,233011                   RAM: 2555                       D˜SK: 0,1025788
926     CPU: 7,104688                   RAM: 2545                       D˜SK: 0,02663039
927     CPU: 6,533201                   RAM: 2547                       D˜SK: 0,3170781
928     CPU: 4,84128                    RAM: 2549                       D˜SK: 0,5310773
929     CPU: 9,151623                   RAM: 2553                       D˜SK: 0,07008429
930     CPU: 11,4777                    RAM: 2545                       D˜SK: 0,02600672
931     CPU: 3,881354                   RAM: 2548                       D˜SK: 0,05672973
932     CPU: 3,830461                   RAM: 2550                       D˜SK: 1,262634
933     CPU: 6,973393                   RAM: 2552                       D˜SK: 6,117843
934     CPU: 6,918599                   RAM: 2547                       D˜SK: 0,8816475
935     CPU: 3,142568                   RAM: 2551                       D˜SK: 0,0597638
936     CPU: 9,622526                   RAM: 2553                       D˜SK: 0,08871292
937     CPU: 6,20974                    RAM: 2554                       D˜SK: 0,07714982
938     CPU: 7,197807                   RAM: 2550                       D˜SK: 0,05850379
939     CPU: 7,943594                   RAM: 2546                       D˜SK: 0,1086616
940     CPU: 7,118498                   RAM: 2548                       D˜SK: 0,1096265
941     CPU: 9,773401                   RAM: 2544                       D˜SK: 0
942     CPU: 1,256208                   RAM: 2546                       D˜SK: 0,2070881
943     CPU: 9,05694                    RAM: 2550                       D˜SK: 1,312732
944     CPU: 6,352427                   RAM: 2552                       D˜SK: 0,1283393
945     CPU: 8,199757                   RAM: 2552                       D˜SK: 1,78375
946     CPU: 10,60846                   RAM: 2550                       D˜SK: 0,09793672
947     CPU: 5,05925                    RAM: 2544                       D˜SK: 0,9797643
948     CPU: 7,566422                   RAM: 2547                       D˜SK: 0,3167226
949     CPU: 10,73255                   RAM: 2549                       D˜SK: 0,1855056
950     CPU: 10,24875                   RAM: 2545                       D˜SK: 0,910274
951     CPU: 7,242441                   RAM: 2545                       D˜SK: 0,2150659
952     CPU: 5,284548                   RAM: 2547                       D˜SK: 0,7931631
953     CPU: 3,979113                   RAM: 2551                       D˜SK: 13,48457
954     CPU: 5,412447                   RAM: 2552                       D˜SK: 0,09443977
955     CPU: 3,548957                   RAM: 2544                       D˜SK: 0,7374619
956     CPU: 10,53468                   RAM: 2546                       D˜SK: 0,07553367
957     CPU: 7,235943                   RAM: 2551                       D˜SK: 0,5245838
958     CPU: 8,68373                    RAM: 2544                       D˜SK: 1,106474
959     CPU: 8,509565                   RAM: 2548                       D˜SK: 0,07841183
960     CPU: 8,288445                   RAM: 2541                       D˜SK: 0,02424086
961     CPU: 11,3808                    RAM: 2542                       D˜SK: 1,949516
962     CPU: 34,90724                   RAM: 2511                       D˜SK: 54,61641
963     CPU: 12,28724                   RAM: 2520                       D˜SK: 18,73571
964     CPU: 3,2936                     RAM: 2515                       D˜SK: 0
965     CPU: 3,264894                   RAM: 2516                       D˜SK: 0,8959714
966     CPU: 0,6747133                  RAM: 2509                       D˜SK: 0
967     CPU: 0,5850482                  RAM: 2509                       D˜SK: 0
968     CPU: 11,6489                    RAM: 2504                       D˜SK: 0,1024947
969     CPU: 5,054192                   RAM: 2509                       D˜SK: 4,930313
970     CPU: 9,075227                   RAM: 2508                       D˜SK: 0,5758985
971     CPU: 9,200445                   RAM: 2510                       D˜SK: 0,1382973
972     CPU: 7,084529                   RAM: 2513                       D˜SK: 7,155166
973     CPU: 7,249187                   RAM: 2516                       D˜SK: 5,052582
974     CPU: 6,592664                   RAM: 2516                       D˜SK: 1,786922
975     CPU: 9,772874                   RAM: 2509                       D˜SK: 0,4200661
976     CPU: 7,694701                   RAM: 2512                       D˜SK: 0,09132711
977     CPU: 10,77103                   RAM: 2515                       D˜SK: 0,02688359
978     CPU: 2,60306                    RAM: 2509                       D˜SK: 0,147736
979     CPU: 7,689864                   RAM: 2511                       D˜SK: 0,05027088
980     CPU: 2,30601                    RAM: 2513                       D˜SK: 1,662816
981     CPU: 6,314664                   RAM: 2518                       D˜SK: 0,02631295
982     CPU: 4,568582                   RAM: 2508                       D˜SK: 0,3669304
983     CPU: 4,122168                   RAM: 2512                       D˜SK: 0,1620864
984     CPU: 9,475907                   RAM: 2514                       D˜SK: 0,1396111
985     CPU: 3,949659                   RAM: 2516                       D˜SK: 0,02671041
986     CPU: 6,951788                   RAM: 2518                       D˜SK: 0,08064176
987     CPU: 7,711627                   RAM: 2518                       D˜SK: 0,1714207
988     CPU: 4,629161                   RAM: 2516                       D˜SK: 0,1540134
989     CPU: 7,601902                   RAM: 2509                       D˜SK: 0,6741488
990     CPU: 3,994381                   RAM: 2511                       D˜SK: 0,2541745
991     CPU: 5,742021                   RAM: 2511                       D˜SK: 0,6434514
992     CPU: 5,106984                   RAM: 2513                       D˜SK: 0,1615529
993     CPU: 6,104993                   RAM: 2517                       D˜SK: 0,4809916
994     CPU: 9,283629                   RAM: 2519                       D˜SK: 0,05886027
995     CPU: 6,181182                   RAM: 2515                       D˜SK: 0,08726942
996     CPU: 8,709691                   RAM: 2511                       D˜SK: 0,02799249
997     CPU: 11,52015                   RAM: 2515                       D˜SK: 0,3662412
998     CPU: 6,767483                   RAM: 2518                       D˜SK: 13,73999
999     CPU: 5,645568                   RAM: 2520                       D˜SK: 0,09226044
1000    CPU: 2,377743                   RAM: 2521                       D˜SK: 0,03440932
